-- phpMyAdmin SQL Dump
-- version 5.0.2
-- https://www.phpmyadmin.net/
--
-- Host: 127.0.0.1
-- Generation Time: Jul 03, 2020 at 03:39 PM
-- Server version: 10.4.13-MariaDB
-- PHP Version: 7.4.7

SET SQL_MODE = "NO_AUTO_VALUE_ON_ZERO";
START TRANSACTION;
SET time_zone = "+00:00";


/*!40101 SET @OLD_CHARACTER_SET_CLIENT=@@CHARACTER_SET_CLIENT */;
/*!40101 SET @OLD_CHARACTER_SET_RESULTS=@@CHARACTER_SET_RESULTS */;
/*!40101 SET @OLD_COLLATION_CONNECTION=@@COLLATION_CONNECTION */;
/*!40101 SET NAMES utf8mb4 */;

--
-- Database: `blondelcovid19`
--

-- --------------------------------------------------------

--
-- Table structure for table `countries`
--

CREATE TABLE `countries` (
  `id` int(10) UNSIGNED NOT NULL,
  `name` varchar(255) COLLATE utf8mb4_unicode_ci NOT NULL,
  `short_code` varchar(255) COLLATE utf8mb4_unicode_ci NOT NULL,
  `created_at` timestamp NULL DEFAULT NULL,
  `updated_at` timestamp NULL DEFAULT NULL,
  `deleted_at` timestamp NULL DEFAULT NULL
) ENGINE=InnoDB DEFAULT CHARSET=utf8mb4 COLLATE=utf8mb4_unicode_ci;

--
-- Dumping data for table `countries`
--

INSERT INTO `countries` (`id`, `name`, `short_code`, `created_at`, `updated_at`, `deleted_at`) VALUES
(1, 'Afghanistan', 'af', NULL, NULL, NULL),
(2, 'Albania', 'al', NULL, NULL, NULL),
(3, 'Algeria', 'dz', NULL, NULL, NULL),
(4, 'American Samoa', 'as', NULL, NULL, NULL),
(5, 'Andorra', 'ad', NULL, NULL, NULL),
(6, 'Angola', 'ao', NULL, NULL, NULL),
(7, 'Anguilla', 'ai', NULL, NULL, NULL),
(8, 'Antarctica', 'aq', NULL, NULL, NULL),
(9, 'Antigua and Barbuda', 'ag', NULL, NULL, NULL),
(10, 'Argentina', 'ar', NULL, NULL, NULL),
(11, 'Armenia', 'am', NULL, NULL, NULL),
(12, 'Aruba', 'aw', NULL, NULL, NULL),
(13, 'Australia', 'au', NULL, NULL, NULL),
(14, 'Austria', 'at', NULL, NULL, NULL),
(15, 'Azerbaijan', 'az', NULL, NULL, NULL),
(16, 'Bahamas', 'bs', NULL, NULL, NULL),
(17, 'Bahrain', 'bh', NULL, NULL, NULL),
(18, 'Bangladesh', 'bd', NULL, NULL, NULL),
(19, 'Barbados', 'bb', NULL, NULL, NULL),
(20, 'Belarus', 'by', NULL, NULL, NULL),
(21, 'Belgium', 'be', NULL, NULL, NULL),
(22, 'Belize', 'bz', NULL, NULL, NULL),
(23, 'Benin', 'bj', NULL, NULL, NULL),
(24, 'Bermuda', 'bm', NULL, NULL, NULL),
(25, 'Bhutan', 'bt', NULL, NULL, NULL),
(26, 'Bolivia', 'bo', NULL, NULL, NULL),
(27, 'Bosnia and Herzegovina', 'ba', NULL, NULL, NULL),
(28, 'Botswana', 'bw', NULL, NULL, NULL),
(29, 'Brazil', 'br', NULL, NULL, NULL),
(30, 'British Indian Ocean Territory', 'io', NULL, NULL, NULL),
(31, 'British Virgin Islands', 'vg', NULL, NULL, NULL),
(32, 'Brunei', 'bn', NULL, NULL, NULL),
(33, 'Bulgaria', 'bg', NULL, NULL, NULL),
(34, 'Burkina Faso', 'bf', NULL, NULL, NULL),
(35, 'Burundi', 'bi', NULL, NULL, NULL),
(36, 'Cambodia', 'kh', NULL, NULL, NULL),
(37, 'Cameroon', 'cm', NULL, NULL, NULL),
(38, 'Canada', 'ca', NULL, NULL, NULL),
(39, 'Cape Verde', 'cv', NULL, NULL, NULL),
(40, 'Cayman Islands', 'ky', NULL, NULL, NULL),
(41, 'Central African Republic', 'cf', NULL, NULL, NULL),
(42, 'Chad', 'td', NULL, NULL, NULL),
(43, 'Chile', 'cl', NULL, NULL, NULL),
(44, 'China', 'cn', NULL, NULL, NULL),
(45, 'Christmas Island', 'cx', NULL, NULL, NULL),
(46, 'Cocos Islands', 'cc', NULL, NULL, NULL),
(47, 'Colombia', 'co', NULL, NULL, NULL),
(48, 'Comoros', 'km', NULL, NULL, NULL),
(49, 'Cook Islands', 'ck', NULL, NULL, NULL),
(50, 'Costa Rica', 'cr', NULL, NULL, NULL),
(51, 'Croatia', 'hr', NULL, NULL, NULL),
(52, 'Cuba', 'cu', NULL, NULL, NULL),
(53, 'Curacao', 'cw', NULL, NULL, NULL),
(54, 'Cyprus', 'cy', NULL, NULL, NULL),
(55, 'Czech Republic', 'cz', NULL, NULL, NULL),
(56, 'Democratic Republic of the Congo', 'cd', NULL, NULL, NULL),
(57, 'Denmark', 'dk', NULL, NULL, NULL),
(58, 'Djibouti', 'dj', NULL, NULL, NULL),
(59, 'Dominica', 'dm', NULL, NULL, NULL),
(60, 'Dominican Republic', 'do', NULL, NULL, NULL),
(61, 'East Timor', 'tl', NULL, NULL, NULL),
(62, 'Ecuador', 'ec', NULL, NULL, NULL),
(63, 'Egypt', 'eg', NULL, NULL, NULL),
(64, 'El Salvador', 'sv', NULL, NULL, NULL),
(65, 'Equatorial Guinea', 'gq', NULL, NULL, NULL),
(66, 'Eritrea', 'er', NULL, NULL, NULL),
(67, 'Estonia', 'ee', NULL, NULL, NULL),
(68, 'Ethiopia', 'et', NULL, NULL, NULL),
(69, 'Falkland Islands', 'fk', NULL, NULL, NULL),
(70, 'Faroe Islands', 'fo', NULL, NULL, NULL),
(71, 'Fiji', 'fj', NULL, NULL, NULL),
(72, 'Finland', 'fi', NULL, NULL, NULL),
(73, 'France', 'fr', NULL, NULL, NULL),
(74, 'French Polynesia', 'pf', NULL, NULL, NULL),
(75, 'Gabon', 'ga', NULL, NULL, NULL),
(76, 'Gambia', 'gm', NULL, NULL, NULL),
(77, 'Georgia', 'ge', NULL, NULL, NULL),
(78, 'Germany', 'de', NULL, NULL, NULL),
(79, 'Ghana', 'gh', NULL, NULL, NULL),
(80, 'Gibraltar', 'gi', NULL, NULL, NULL),
(81, 'Greece', 'gr', NULL, NULL, NULL),
(82, 'Greenland', 'gl', NULL, NULL, NULL),
(83, 'Grenada', 'gd', NULL, NULL, NULL),
(84, 'Guam', 'gu', NULL, NULL, NULL),
(85, 'Guatemala', 'gt', NULL, NULL, NULL),
(86, 'Guernsey', 'gg', NULL, NULL, NULL),
(87, 'Guinea', 'gn', NULL, NULL, NULL),
(88, 'Guinea-Bissau', 'gw', NULL, NULL, NULL),
(89, 'Guyana', 'gy', NULL, NULL, NULL),
(90, 'Haiti', 'ht', NULL, NULL, NULL),
(91, 'Honduras', 'hn', NULL, NULL, NULL),
(92, 'Hong Kong', 'hk', NULL, NULL, NULL),
(93, 'Hungary', 'hu', NULL, NULL, NULL),
(94, 'Iceland', 'is', NULL, NULL, NULL),
(95, 'India', 'in', NULL, NULL, NULL),
(96, 'Indonesia', 'id', NULL, NULL, NULL),
(97, 'Iran', 'ir', NULL, NULL, NULL),
(98, 'Iraq', 'iq', NULL, NULL, NULL),
(99, 'Ireland', 'ie', NULL, NULL, NULL),
(100, 'Isle of Man', 'im', NULL, NULL, NULL),
(101, 'Israel', 'il', NULL, NULL, NULL),
(102, 'Italy', 'it', NULL, NULL, NULL),
(103, 'Ivory Coast', 'ci', NULL, NULL, NULL),
(104, 'Jamaica', 'jm', NULL, NULL, NULL),
(105, 'Japan', 'jp', NULL, NULL, NULL),
(106, 'Jersey', 'je', NULL, NULL, NULL),
(107, 'Jordan', 'jo', NULL, NULL, NULL),
(108, 'Kazakhstan', 'kz', NULL, NULL, NULL),
(109, 'Kenya', 'ke', NULL, NULL, NULL),
(110, 'Kiribati', 'ki', NULL, NULL, NULL),
(111, 'Kosovo', 'xk', NULL, NULL, NULL),
(112, 'Kuwait', 'kw', NULL, NULL, NULL),
(113, 'Kyrgyzstan', 'kg', NULL, NULL, NULL),
(114, 'Laos', 'la', NULL, NULL, NULL),
(115, 'Latvia', 'lv', NULL, NULL, NULL),
(116, 'Lebanon', 'lb', NULL, NULL, NULL),
(117, 'Lesotho', 'ls', NULL, NULL, NULL),
(118, 'Liberia', 'lr', NULL, NULL, NULL),
(119, 'Libya', 'ly', NULL, NULL, NULL),
(120, 'Liechtenstein', 'li', NULL, NULL, NULL),
(121, 'Lithuania', 'lt', NULL, NULL, NULL),
(122, 'Luxembourg', 'lu', NULL, NULL, NULL),
(123, 'Macau', 'mo', NULL, NULL, NULL),
(124, 'Macedonia', 'mk', NULL, NULL, NULL),
(125, 'Madagascar', 'mg', NULL, NULL, NULL),
(126, 'Malawi', 'mw', NULL, NULL, NULL),
(127, 'Malaysia', 'my', NULL, NULL, NULL),
(128, 'Maldives', 'mv', NULL, NULL, NULL),
(129, 'Mali', 'ml', NULL, NULL, NULL),
(130, 'Malta', 'mt', NULL, NULL, NULL),
(131, 'Marshall Islands', 'mh', NULL, NULL, NULL),
(132, 'Mauritania', 'mr', NULL, NULL, NULL),
(133, 'Mauritius', 'mu', NULL, NULL, NULL),
(134, 'Mayotte', 'yt', NULL, NULL, NULL),
(135, 'Mexico', 'mx', NULL, NULL, NULL),
(136, 'Micronesia', 'fm', NULL, NULL, NULL),
(137, 'Moldova', 'md', NULL, NULL, NULL),
(138, 'Monaco', 'mc', NULL, NULL, NULL),
(139, 'Mongolia', 'mn', NULL, NULL, NULL),
(140, 'Montenegro', 'me', NULL, NULL, NULL),
(141, 'Montserrat', 'ms', NULL, NULL, NULL),
(142, 'Morocco', 'ma', NULL, NULL, NULL),
(143, 'Mozambique', 'mz', NULL, NULL, NULL),
(144, 'Myanmar', 'mm', NULL, NULL, NULL),
(145, 'Namibia', 'na', NULL, NULL, NULL),
(146, 'Nauru', 'nr', NULL, NULL, NULL),
(147, 'Nepal', 'np', NULL, NULL, NULL),
(148, 'Netherlands', 'nl', NULL, NULL, NULL),
(149, 'Netherlands Antilles', 'an', NULL, NULL, NULL),
(150, 'New Caledonia', 'nc', NULL, NULL, NULL),
(151, 'New Zealand', 'nz', NULL, NULL, NULL),
(152, 'Nicaragua', 'ni', NULL, NULL, NULL),
(153, 'Niger', 'ne', NULL, NULL, NULL),
(154, 'Nigeria', 'ng', NULL, NULL, NULL),
(155, 'Niue', 'nu', NULL, NULL, NULL),
(156, 'North Korea', 'kp', NULL, NULL, NULL),
(157, 'Northern Mariana Islands', 'mp', NULL, NULL, NULL),
(158, 'Norway', 'no', NULL, NULL, NULL),
(159, 'Oman', 'om', NULL, NULL, NULL),
(160, 'Pakistan', 'pk', NULL, NULL, NULL),
(161, 'Palau', 'pw', NULL, NULL, NULL),
(162, 'Palestine', 'ps', NULL, NULL, NULL),
(163, 'Panama', 'pa', NULL, NULL, NULL),
(164, 'Papua New Guinea', 'pg', NULL, NULL, NULL),
(165, 'Paraguay', 'py', NULL, NULL, NULL),
(166, 'Peru', 'pe', NULL, NULL, NULL),
(167, 'Philippines', 'ph', NULL, NULL, NULL),
(168, 'Pitcairn', 'pn', NULL, NULL, NULL),
(169, 'Poland', 'pl', NULL, NULL, NULL),
(170, 'Portugal', 'pt', NULL, NULL, NULL),
(171, 'Puerto Rico', 'pr', NULL, NULL, NULL),
(172, 'Qatar', 'qa', NULL, NULL, NULL),
(173, 'Republic of the Congo', 'cg', NULL, NULL, NULL),
(174, 'Reunion', 're', NULL, NULL, NULL),
(175, 'Romania', 'ro', NULL, NULL, NULL),
(176, 'Russia', 'ru', NULL, NULL, NULL),
(177, 'Rwanda', 'rw', NULL, NULL, NULL),
(178, 'Saint Barthelemy', 'bl', NULL, NULL, NULL),
(179, 'Saint Helena', 'sh', NULL, NULL, NULL),
(180, 'Saint Kitts and Nevis', 'kn', NULL, NULL, NULL),
(181, 'Saint Lucia', 'lc', NULL, NULL, NULL),
(182, 'Saint Martin', 'mf', NULL, NULL, NULL),
(183, 'Saint Pierre and Miquelon', 'pm', NULL, NULL, NULL),
(184, 'Saint Vincent and the Grenadines', 'vc', NULL, NULL, NULL),
(185, 'Samoa', 'ws', NULL, NULL, NULL),
(186, 'San Marino', 'sm', NULL, NULL, NULL),
(187, 'Sao Tome and Principe', 'st', NULL, NULL, NULL),
(188, 'Saudi Arabia', 'sa', NULL, NULL, NULL),
(189, 'Senegal', 'sn', NULL, NULL, NULL),
(190, 'Serbia', 'rs', NULL, NULL, NULL),
(191, 'Seychelles', 'sc', NULL, NULL, NULL),
(192, 'Sierra Leone', 'sl', NULL, NULL, NULL),
(193, 'Singapore', 'sg', NULL, NULL, NULL),
(194, 'Sint Maarten', 'sx', NULL, NULL, NULL),
(195, 'Slovakia', 'sk', NULL, NULL, NULL),
(196, 'Slovenia', 'si', NULL, NULL, NULL),
(197, 'Solomon Islands', 'sb', NULL, NULL, NULL),
(198, 'Somalia', 'so', NULL, NULL, NULL),
(199, 'South Africa', 'za', NULL, NULL, NULL),
(200, 'South Korea', 'kr', NULL, NULL, NULL),
(201, 'South Sudan', 'ss', NULL, NULL, NULL),
(202, 'Spain', 'es', NULL, NULL, NULL),
(203, 'Sri Lanka', 'lk', NULL, NULL, NULL),
(204, 'Sudan', 'sd', NULL, NULL, NULL),
(205, 'Suriname', 'sr', NULL, NULL, NULL),
(206, 'Svalbard and Jan Mayen', 'sj', NULL, NULL, NULL),
(207, 'Swaziland', 'sz', NULL, NULL, NULL),
(208, 'Sweden', 'se', NULL, NULL, NULL),
(209, 'Switzerland', 'ch', NULL, NULL, NULL),
(210, 'Syria', 'sy', NULL, NULL, NULL),
(211, 'Taiwan', 'tw', NULL, NULL, NULL),
(212, 'Tajikistan', 'tj', NULL, NULL, NULL),
(213, 'Tanzania', 'tz', NULL, NULL, NULL),
(214, 'Thailand', 'th', NULL, NULL, NULL),
(215, 'Togo', 'tg', NULL, NULL, NULL),
(216, 'Tokelau', 'tk', NULL, NULL, NULL),
(217, 'Tonga', 'to', NULL, NULL, NULL),
(218, 'Trinidad and Tobago', 'tt', NULL, NULL, NULL),
(219, 'Tunisia', 'tn', NULL, NULL, NULL),
(220, 'Turkey', 'tr', NULL, NULL, NULL),
(221, 'Turkmenistan', 'tm', NULL, NULL, NULL),
(222, 'Turks and Caicos Islands', 'tc', NULL, NULL, NULL),
(223, 'Tuvalu', 'tv', NULL, NULL, NULL),
(224, 'U.S. Virgin Islands', 'vi', NULL, NULL, NULL),
(225, 'Uganda', 'ug', NULL, NULL, NULL),
(226, 'Ukraine', 'ua', NULL, NULL, NULL),
(227, 'United Arab Emirates', 'ae', NULL, NULL, NULL),
(228, 'United Kingdom', 'gb', NULL, NULL, NULL),
(229, 'United States', 'us', NULL, NULL, NULL),
(230, 'Uruguay', 'uy', NULL, NULL, NULL),
(231, 'Uzbekistan', 'uz', NULL, NULL, NULL),
(232, 'Vanuatu', 'vu', NULL, NULL, NULL),
(233, 'Vatican', 'va', NULL, NULL, NULL),
(234, 'Venezuela', 've', NULL, NULL, NULL),
(235, 'Vietnam', 'vn', NULL, NULL, NULL),
(236, 'Wallis and Futuna', 'wf', NULL, NULL, NULL),
(237, 'Western Sahara', 'eh', NULL, NULL, NULL),
(238, 'Yemen', 'ye', NULL, NULL, NULL),
(239, 'Zambia', 'zm', NULL, NULL, NULL),
(240, 'Zimbabwe', 'zw', NULL, NULL, NULL);

-- --------------------------------------------------------

--
-- Table structure for table `infections`
--

CREATE TABLE `infections` (
  `id` int(10) UNSIGNED NOT NULL,
  `report_date` date NOT NULL,
  `infections` int(11) NOT NULL,
  `created_at` timestamp NULL DEFAULT NULL,
  `updated_at` timestamp NULL DEFAULT NULL,
  `deleted_at` timestamp NULL DEFAULT NULL,
  `country_id` int(10) UNSIGNED DEFAULT NULL
) ENGINE=InnoDB DEFAULT CHARSET=utf8mb4 COLLATE=utf8mb4_unicode_ci;

--
-- Dumping data for table `infections`
--

INSERT INTO `infections` (`id`, `report_date`, `infections`, `created_at`, `updated_at`, `deleted_at`, `country_id`) VALUES
(1, '2020-07-03', 2179, '2020-07-03 06:43:32', '2020-07-03 06:43:32', NULL, 37),
(2, '2020-07-03', 1509568, '2020-07-03 06:44:08', '2020-07-03 06:44:08', NULL, 229),
(3, '2020-07-03', 10488, '2020-07-03 06:44:52', '2020-07-03 06:44:52', NULL, 227),
(4, '2020-07-03', 118439, '2020-07-03 07:54:33', '2020-07-03 07:54:33', NULL, 202),
(5, '2020-07-03', 283757, '2020-07-03 07:55:24', '2020-07-03 07:55:24', NULL, 228),
(6, '2020-07-03', 223731, '2020-07-03 07:56:09', '2020-07-03 07:56:09', NULL, 95),
(7, '2020-07-02', 2170, '2020-07-03 08:01:57', '2020-07-03 08:01:57', NULL, 37),
(8, '2020-07-01', 2150, '2020-07-03 08:02:16', '2020-07-03 08:02:16', NULL, 37),
(9, '2020-06-30', 2145, '2020-07-03 08:02:32', '2020-07-03 08:02:32', NULL, 37),
(10, '2020-06-29', 826, '2020-07-03 08:02:52', '2020-07-03 08:18:37', NULL, 37),
(11, '2020-07-02', 1509500, '2020-07-03 08:03:35', '2020-07-03 08:03:35', NULL, 229),
(12, '2020-07-01', 1509200, '2020-07-03 08:03:55', '2020-07-03 08:03:55', NULL, 229),
(13, '2020-06-30', 1508100, '2020-07-03 08:04:22', '2020-07-03 08:04:22', NULL, 229),
(14, '2020-06-29', 1486100, '2020-07-03 08:05:12', '2020-07-03 08:05:12', NULL, 229),
(15, '2020-06-28', 1386900, '2020-07-03 08:05:37', '2020-07-03 08:05:37', NULL, 229),
(16, '2020-07-02', 222731, '2020-07-03 08:06:19', '2020-07-03 08:06:19', NULL, 95),
(17, '2020-07-01', 221731, '2020-07-03 08:06:41', '2020-07-03 08:06:41', NULL, 95),
(18, '2020-06-30', 221331, '2020-07-03 08:07:06', '2020-07-03 08:07:06', NULL, 95),
(19, '2020-06-29', 211391, '2020-07-03 08:07:32', '2020-07-03 08:07:32', NULL, 95),
(20, '2020-07-02', 282757, '2020-07-03 08:11:26', '2020-07-03 08:11:26', NULL, 228),
(21, '2020-07-01', 271757, '2020-07-03 08:11:54', '2020-07-03 08:11:54', NULL, 228),
(22, '2020-06-30', 261757, '2020-07-03 08:12:09', '2020-07-03 08:12:09', NULL, 228),
(23, '2020-06-29', 241857, '2020-07-03 08:12:39', '2020-07-03 08:12:39', NULL, 228),
(24, '2020-06-28', 211059, '2020-07-03 08:13:21', '2020-07-03 08:13:21', NULL, 228),
(25, '2020-07-02', 116439, '2020-07-03 08:14:24', '2020-07-03 08:14:24', NULL, 202),
(26, '2020-07-01', 114439, '2020-07-03 08:14:39', '2020-07-03 08:14:39', NULL, 202),
(27, '2020-06-30', 100530, '2020-07-03 08:15:08', '2020-07-03 08:15:08', NULL, 202),
(28, '2020-06-29', 90830, '2020-07-03 08:15:33', '2020-07-03 08:15:33', NULL, 202),
(29, '2020-07-03', 56013, '2020-07-03 08:23:35', '2020-07-03 08:23:35', NULL, 73),
(30, '2020-07-02', 54013, '2020-07-03 08:24:05', '2020-07-03 08:24:05', NULL, 73),
(31, '2020-07-01', 52017, '2020-07-03 08:24:23', '2020-07-03 08:24:23', NULL, 73),
(32, '2020-06-30', 40097, '2020-07-03 08:24:50', '2020-07-03 08:24:50', NULL, 73),
(33, '2020-06-29', 39097, '2020-07-03 08:25:09', '2020-07-03 08:25:09', NULL, 73),
(34, '2020-06-28', 30007, '2020-07-03 08:25:31', '2020-07-03 08:25:31', NULL, 73),
(35, '2020-07-02', 10388, '2020-07-03 08:55:16', '2020-07-03 08:55:16', NULL, 227),
(36, '2020-07-01', 9488, '2020-07-03 08:55:39', '2020-07-03 08:55:39', NULL, 227),
(37, '2020-06-30', 8498, '2020-07-03 08:55:55', '2020-07-03 08:55:55', NULL, 227),
(38, '2020-06-29', 6698, '2020-07-03 08:56:18', '2020-07-03 08:56:18', NULL, 227),
(39, '2020-06-28', 5698, '2020-07-03 08:56:38', '2020-07-03 08:56:38', NULL, 227),
(40, '2020-07-03', 409, '2020-07-03 09:01:07', '2020-07-03 09:01:07', NULL, 44),
(41, '2020-07-02', 909, '2020-07-03 09:01:32', '2020-07-03 09:01:32', NULL, 44),
(42, '2020-07-01', 1622, '2020-07-03 09:01:45', '2020-07-03 09:01:45', NULL, 44),
(43, '2020-06-30', 7622, '2020-07-03 09:02:03', '2020-07-03 09:02:03', NULL, 44),
(44, '2020-06-29', 11929, '2020-07-03 09:02:21', '2020-07-03 09:02:30', NULL, 44),
(45, '2020-06-28', 35286, '2020-07-03 09:02:56', '2020-07-03 09:02:56', NULL, 44),
(46, '2020-06-27', 125244, '2020-07-03 09:03:31', '2020-07-03 09:03:31', NULL, 44),
(47, '2020-06-26', 195244, '2020-07-03 09:03:50', '2020-07-03 09:03:50', NULL, 44);

-- --------------------------------------------------------

--
-- Table structure for table `migrations`
--

CREATE TABLE `migrations` (
  `id` int(10) UNSIGNED NOT NULL,
  `migration` varchar(255) COLLATE utf8mb4_unicode_ci NOT NULL,
  `batch` int(11) NOT NULL
) ENGINE=InnoDB DEFAULT CHARSET=utf8mb4 COLLATE=utf8mb4_unicode_ci;

--
-- Dumping data for table `migrations`
--

INSERT INTO `migrations` (`id`, `migration`, `batch`) VALUES
(1, '2014_10_12_100000_create_password_resets_table', 1),
(2, '2016_06_01_000001_create_oauth_auth_codes_table', 1),
(3, '2016_06_01_000002_create_oauth_access_tokens_table', 1),
(4, '2016_06_01_000003_create_oauth_refresh_tokens_table', 1),
(5, '2016_06_01_000004_create_oauth_clients_table', 1),
(6, '2016_06_01_000005_create_oauth_personal_access_clients_table', 1),
(7, '2020_03_17_000001_create_permissions_table', 1),
(8, '2020_03_17_000002_create_roles_table', 1),
(9, '2020_03_17_000003_create_users_table', 1),
(10, '2020_03_17_000004_create_countries_table', 1),
(11, '2020_03_17_000005_create_infections_table', 1),
(12, '2020_03_17_000006_create_permission_role_pivot_table', 1),
(13, '2020_03_17_000007_create_role_user_pivot_table', 1),
(14, '2020_03_17_000008_add_relationship_fields_to_infections_table', 1);

-- --------------------------------------------------------

--
-- Table structure for table `oauth_access_tokens`
--

CREATE TABLE `oauth_access_tokens` (
  `id` varchar(100) COLLATE utf8mb4_unicode_ci NOT NULL,
  `user_id` bigint(20) UNSIGNED DEFAULT NULL,
  `client_id` bigint(20) UNSIGNED NOT NULL,
  `name` varchar(255) COLLATE utf8mb4_unicode_ci DEFAULT NULL,
  `scopes` text COLLATE utf8mb4_unicode_ci DEFAULT NULL,
  `revoked` tinyint(1) NOT NULL,
  `created_at` timestamp NULL DEFAULT NULL,
  `updated_at` timestamp NULL DEFAULT NULL,
  `expires_at` datetime DEFAULT NULL
) ENGINE=InnoDB DEFAULT CHARSET=utf8mb4 COLLATE=utf8mb4_unicode_ci;

-- --------------------------------------------------------

--
-- Table structure for table `oauth_auth_codes`
--

CREATE TABLE `oauth_auth_codes` (
  `id` varchar(100) COLLATE utf8mb4_unicode_ci NOT NULL,
  `user_id` bigint(20) UNSIGNED NOT NULL,
  `client_id` bigint(20) UNSIGNED NOT NULL,
  `scopes` text COLLATE utf8mb4_unicode_ci DEFAULT NULL,
  `revoked` tinyint(1) NOT NULL,
  `expires_at` datetime DEFAULT NULL
) ENGINE=InnoDB DEFAULT CHARSET=utf8mb4 COLLATE=utf8mb4_unicode_ci;

-- --------------------------------------------------------

--
-- Table structure for table `oauth_clients`
--

CREATE TABLE `oauth_clients` (
  `id` bigint(20) UNSIGNED NOT NULL,
  `user_id` bigint(20) UNSIGNED DEFAULT NULL,
  `name` varchar(255) COLLATE utf8mb4_unicode_ci NOT NULL,
  `secret` varchar(100) COLLATE utf8mb4_unicode_ci DEFAULT NULL,
  `redirect` text COLLATE utf8mb4_unicode_ci NOT NULL,
  `personal_access_client` tinyint(1) NOT NULL,
  `password_client` tinyint(1) NOT NULL,
  `revoked` tinyint(1) NOT NULL,
  `created_at` timestamp NULL DEFAULT NULL,
  `updated_at` timestamp NULL DEFAULT NULL
) ENGINE=InnoDB DEFAULT CHARSET=utf8mb4 COLLATE=utf8mb4_unicode_ci;

-- --------------------------------------------------------

--
-- Table structure for table `oauth_personal_access_clients`
--

CREATE TABLE `oauth_personal_access_clients` (
  `id` bigint(20) UNSIGNED NOT NULL,
  `client_id` bigint(20) UNSIGNED NOT NULL,
  `created_at` timestamp NULL DEFAULT NULL,
  `updated_at` timestamp NULL DEFAULT NULL
) ENGINE=InnoDB DEFAULT CHARSET=utf8mb4 COLLATE=utf8mb4_unicode_ci;

-- --------------------------------------------------------

--
-- Table structure for table `oauth_refresh_tokens`
--

CREATE TABLE `oauth_refresh_tokens` (
  `id` varchar(100) COLLATE utf8mb4_unicode_ci NOT NULL,
  `access_token_id` varchar(100) COLLATE utf8mb4_unicode_ci NOT NULL,
  `revoked` tinyint(1) NOT NULL,
  `expires_at` datetime DEFAULT NULL
) ENGINE=InnoDB DEFAULT CHARSET=utf8mb4 COLLATE=utf8mb4_unicode_ci;

-- --------------------------------------------------------

--
-- Table structure for table `password_resets`
--

CREATE TABLE `password_resets` (
  `email` varchar(255) COLLATE utf8mb4_unicode_ci NOT NULL,
  `token` varchar(255) COLLATE utf8mb4_unicode_ci NOT NULL,
  `created_at` timestamp NULL DEFAULT NULL
) ENGINE=InnoDB DEFAULT CHARSET=utf8mb4 COLLATE=utf8mb4_unicode_ci;

-- --------------------------------------------------------

--
-- Table structure for table `permissions`
--

CREATE TABLE `permissions` (
  `id` int(10) UNSIGNED NOT NULL,
  `title` varchar(255) COLLATE utf8mb4_unicode_ci DEFAULT NULL,
  `created_at` timestamp NULL DEFAULT NULL,
  `updated_at` timestamp NULL DEFAULT NULL,
  `deleted_at` timestamp NULL DEFAULT NULL
) ENGINE=InnoDB DEFAULT CHARSET=utf8mb4 COLLATE=utf8mb4_unicode_ci;

--
-- Dumping data for table `permissions`
--

INSERT INTO `permissions` (`id`, `title`, `created_at`, `updated_at`, `deleted_at`) VALUES
(1, 'user_management_access', NULL, NULL, NULL),
(2, 'permission_create', NULL, NULL, NULL),
(3, 'permission_edit', NULL, NULL, NULL),
(4, 'permission_show', NULL, NULL, NULL),
(5, 'permission_delete', NULL, NULL, NULL),
(6, 'permission_access', NULL, NULL, NULL),
(7, 'role_create', NULL, NULL, NULL),
(8, 'role_edit', NULL, NULL, NULL),
(9, 'role_show', NULL, NULL, NULL),
(10, 'role_delete', NULL, NULL, NULL),
(11, 'role_access', NULL, NULL, NULL),
(12, 'user_create', NULL, NULL, NULL),
(13, 'user_edit', NULL, NULL, NULL),
(14, 'user_show', NULL, NULL, NULL),
(15, 'user_delete', NULL, NULL, NULL),
(16, 'user_access', NULL, NULL, NULL),
(17, 'country_create', NULL, NULL, NULL),
(18, 'country_edit', NULL, NULL, NULL),
(19, 'country_show', NULL, NULL, NULL),
(20, 'country_delete', NULL, NULL, NULL),
(21, 'country_access', NULL, NULL, NULL),
(22, 'infection_create', NULL, NULL, NULL),
(23, 'infection_edit', NULL, NULL, NULL),
(24, 'infection_show', NULL, NULL, NULL),
(25, 'infection_delete', NULL, NULL, NULL),
(26, 'infection_access', NULL, NULL, NULL);

-- --------------------------------------------------------

--
-- Table structure for table `permission_role`
--

CREATE TABLE `permission_role` (
  `role_id` int(10) UNSIGNED NOT NULL,
  `permission_id` int(10) UNSIGNED NOT NULL
) ENGINE=InnoDB DEFAULT CHARSET=utf8mb4 COLLATE=utf8mb4_unicode_ci;

--
-- Dumping data for table `permission_role`
--

INSERT INTO `permission_role` (`role_id`, `permission_id`) VALUES
(1, 1),
(1, 2),
(1, 3),
(1, 4),
(1, 5),
(1, 6),
(1, 7),
(1, 8),
(1, 9),
(1, 10),
(1, 11),
(1, 12),
(1, 13),
(1, 14),
(1, 15),
(1, 16),
(1, 17),
(1, 18),
(1, 19),
(1, 20),
(1, 21),
(1, 22),
(1, 23),
(1, 24),
(1, 25),
(1, 26),
(2, 17),
(2, 18),
(2, 19),
(2, 20),
(2, 21),
(2, 22),
(2, 23),
(2, 24),
(2, 25),
(2, 26);

-- --------------------------------------------------------

--
-- Table structure for table `roles`
--

CREATE TABLE `roles` (
  `id` int(10) UNSIGNED NOT NULL,
  `title` varchar(255) COLLATE utf8mb4_unicode_ci DEFAULT NULL,
  `created_at` timestamp NULL DEFAULT NULL,
  `updated_at` timestamp NULL DEFAULT NULL,
  `deleted_at` timestamp NULL DEFAULT NULL
) ENGINE=InnoDB DEFAULT CHARSET=utf8mb4 COLLATE=utf8mb4_unicode_ci;

--
-- Dumping data for table `roles`
--

INSERT INTO `roles` (`id`, `title`, `created_at`, `updated_at`, `deleted_at`) VALUES
(1, 'Admin', NULL, NULL, NULL),
(2, 'User', NULL, NULL, NULL);

-- --------------------------------------------------------

--
-- Table structure for table `role_user`
--

CREATE TABLE `role_user` (
  `user_id` int(10) UNSIGNED NOT NULL,
  `role_id` int(10) UNSIGNED NOT NULL
) ENGINE=InnoDB DEFAULT CHARSET=utf8mb4 COLLATE=utf8mb4_unicode_ci;

--
-- Dumping data for table `role_user`
--

INSERT INTO `role_user` (`user_id`, `role_id`) VALUES
(1, 1),
(2, 1);

-- --------------------------------------------------------

--
-- Table structure for table `users`
--

CREATE TABLE `users` (
  `id` int(10) UNSIGNED NOT NULL,
  `name` varchar(255) COLLATE utf8mb4_unicode_ci NOT NULL,
  `email` varchar(255) COLLATE utf8mb4_unicode_ci NOT NULL,
  `email_verified_at` datetime DEFAULT NULL,
  `password` varchar(255) COLLATE utf8mb4_unicode_ci NOT NULL,
  `remember_token` varchar(255) COLLATE utf8mb4_unicode_ci DEFAULT NULL,
  `created_at` timestamp NULL DEFAULT NULL,
  `updated_at` timestamp NULL DEFAULT NULL,
  `deleted_at` timestamp NULL DEFAULT NULL
) ENGINE=InnoDB DEFAULT CHARSET=utf8mb4 COLLATE=utf8mb4_unicode_ci;

--
-- Dumping data for table `users`
--

INSERT INTO `users` (`id`, `name`, `email`, `email_verified_at`, `password`, `remember_token`, `created_at`, `updated_at`, `deleted_at`) VALUES
(1, 'Admin', 'admin@admin.com', NULL, '$2y$10$fwHSsL2yfNx0vGVvjL6RBOqohXHPlCy4/Gw4rsX1h1ilNZ4CgUjou', NULL, NULL, NULL, NULL),
(2, 'Blondel Seumo', 'seumoblondel@gmail.com', NULL, '$2y$10$TciOPmYZ.cNrqw3JoOFrVO6oJbKiPzlqvtp4aRFen4J66I4qxDyLO', NULL, '2020-07-03 06:37:38', '2020-07-03 07:40:24', NULL);

--
-- Indexes for dumped tables
--

--
-- Indexes for table `countries`
--
ALTER TABLE `countries`
  ADD PRIMARY KEY (`id`);

--
-- Indexes for table `infections`
--
ALTER TABLE `infections`
  ADD PRIMARY KEY (`id`),
  ADD KEY `country_fk_1156566` (`country_id`);

--
-- Indexes for table `migrations`
--
ALTER TABLE `migrations`
  ADD PRIMARY KEY (`id`);

--
-- Indexes for table `oauth_access_tokens`
--
ALTER TABLE `oauth_access_tokens`
  ADD PRIMARY KEY (`id`),
  ADD KEY `oauth_access_tokens_user_id_index` (`user_id`);

--
-- Indexes for table `oauth_auth_codes`
--
ALTER TABLE `oauth_auth_codes`
  ADD PRIMARY KEY (`id`),
  ADD KEY `oauth_auth_codes_user_id_index` (`user_id`);

--
-- Indexes for table `oauth_clients`
--
ALTER TABLE `oauth_clients`
  ADD PRIMARY KEY (`id`),
  ADD KEY `oauth_clients_user_id_index` (`user_id`);

--
-- Indexes for table `oauth_personal_access_clients`
--
ALTER TABLE `oauth_personal_access_clients`
  ADD PRIMARY KEY (`id`);

--
-- Indexes for table `oauth_refresh_tokens`
--
ALTER TABLE `oauth_refresh_tokens`
  ADD PRIMARY KEY (`id`);

--
-- Indexes for table `password_resets`
--
ALTER TABLE `password_resets`
  ADD KEY `password_resets_email_index` (`email`);

--
-- Indexes for table `permissions`
--
ALTER TABLE `permissions`
  ADD PRIMARY KEY (`id`);

--
-- Indexes for table `permission_role`
--
ALTER TABLE `permission_role`
  ADD KEY `role_id_fk_1156447` (`role_id`),
  ADD KEY `permission_id_fk_1156447` (`permission_id`);

--
-- Indexes for table `roles`
--
ALTER TABLE `roles`
  ADD PRIMARY KEY (`id`);

--
-- Indexes for table `role_user`
--
ALTER TABLE `role_user`
  ADD KEY `user_id_fk_1156456` (`user_id`),
  ADD KEY `role_id_fk_1156456` (`role_id`);

--
-- Indexes for table `users`
--
ALTER TABLE `users`
  ADD PRIMARY KEY (`id`),
  ADD UNIQUE KEY `users_email_unique` (`email`);

--
-- AUTO_INCREMENT for dumped tables
--

--
-- AUTO_INCREMENT for table `countries`
--
ALTER TABLE `countries`
  MODIFY `id` int(10) UNSIGNED NOT NULL AUTO_INCREMENT, AUTO_INCREMENT=241;

--
-- AUTO_INCREMENT for table `infections`
--
ALTER TABLE `infections`
  MODIFY `id` int(10) UNSIGNED NOT NULL AUTO_INCREMENT, AUTO_INCREMENT=48;

--
-- AUTO_INCREMENT for table `migrations`
--
ALTER TABLE `migrations`
  MODIFY `id` int(10) UNSIGNED NOT NULL AUTO_INCREMENT, AUTO_INCREMENT=15;

--
-- AUTO_INCREMENT for table `oauth_clients`
--
ALTER TABLE `oauth_clients`
  MODIFY `id` bigint(20) UNSIGNED NOT NULL AUTO_INCREMENT;

--
-- AUTO_INCREMENT for table `oauth_personal_access_clients`
--
ALTER TABLE `oauth_personal_access_clients`
  MODIFY `id` bigint(20) UNSIGNED NOT NULL AUTO_INCREMENT;

--
-- AUTO_INCREMENT for table `permissions`
--
ALTER TABLE `permissions`
  MODIFY `id` int(10) UNSIGNED NOT NULL AUTO_INCREMENT, AUTO_INCREMENT=27;

--
-- AUTO_INCREMENT for table `roles`
--
ALTER TABLE `roles`
  MODIFY `id` int(10) UNSIGNED NOT NULL AUTO_INCREMENT, AUTO_INCREMENT=3;

--
-- AUTO_INCREMENT for table `users`
--
ALTER TABLE `users`
  MODIFY `id` int(10) UNSIGNED NOT NULL AUTO_INCREMENT, AUTO_INCREMENT=3;

--
-- Constraints for dumped tables
--

--
-- Constraints for table `infections`
--
ALTER TABLE `infections`
  ADD CONSTRAINT `country_fk_1156566` FOREIGN KEY (`country_id`) REFERENCES `countries` (`id`);

--
-- Constraints for table `permission_role`
--
ALTER TABLE `permission_role`
  ADD CONSTRAINT `permission_id_fk_1156447` FOREIGN KEY (`permission_id`) REFERENCES `permissions` (`id`) ON DELETE CASCADE,
  ADD CONSTRAINT `role_id_fk_1156447` FOREIGN KEY (`role_id`) REFERENCES `roles` (`id`) ON DELETE CASCADE;

--
-- Constraints for table `role_user`
--
ALTER TABLE `role_user`
  ADD CONSTRAINT `role_id_fk_1156456` FOREIGN KEY (`role_id`) REFERENCES `roles` (`id`) ON DELETE CASCADE,
  ADD CONSTRAINT `user_id_fk_1156456` FOREIGN KEY (`user_id`) REFERENCES `users` (`id`) ON DELETE CASCADE;
COMMIT;

/*!40101 SET CHARACTER_SET_CLIENT=@OLD_CHARACTER_SET_CLIENT */;
/*!40101 SET CHARACTER_SET_RESULTS=@OLD_CHARACTER_SET_RESULTS */;
/*!40101 SET COLLATION_CONNECTION=@OLD_COLLATION_CONNECTION */;
